from,to,title
513688,873725,finance - retail-1
513688,302916,finance - retail-2
513688,482125,finance - retail-3
513688,931311,finance - retail-4
513688,894706,finance - retail-5
513688,572901,finance - retail-6
513688,157550,finance - retail-7
513688,382369,finance - retail-8
513688,544699,finance - retail-9
513688,617940,finance - retail-10
513688,475430,finance - retail-11
513688,268315,finance - retail-12
513688,58761,finance - retail-13
513688,10306,finance - retail-14
513688,476332,finance - retail-15
513688,496989,finance - retail-16
513688,631917,finance - retail-17
513688,225762,finance - retail-18
513688,382858,finance - retail-19
513688,842124,finance - retail-20
513688,988254,finance - retail-21
513688,549513,finance - retail-22
513688,475362,finance - retail-23
513688,374544,finance - retail-24
513688,481655,finance - retail-25
513688,789487,finance - retail-26
513688,41441,finance - retail-27
513688,967694,finance - retail-28
513688,200209,finance - retail-29
513688,90146,finance - retail-30
513688,780901,finance - retail-31
513688,880354,finance - retail-32
513688,27750,finance - retail-33
513688,562576,finance - retail-34
513688,693091,finance - retail-35
513688,30302,finance - retail-36
513688,104002,finance - retail-37
513688,728146,finance - retail-38
513688,145594,finance - retail-39
513688,810276,finance - retail-40
513688,802835,finance - retail-41
513688,751489,finance - retail-42
513688,106652,finance - retail-43
513688,805866,finance - retail-44
513688,97900,finance - retail-45
513688,728608,finance - retail-46
513688,418204,finance - retail-47
513688,401178,finance - retail-48
513688,351225,finance - retail-49
513688,18131,finance - retail-50
513688,325076,finance - retail-51
513688,102092,finance - retail-52
513688,57618,finance - retail-53
513688,187440,finance - retail-54
513688,598551,finance - retail-55
513688,600344,finance - retail-56
513688,49,finance - retail-57
513688,871042,finance - retail-58
513688,495061,finance - retail-59
513688,835154,finance - retail-60
513688,311639,finance - retail-61
513688,310775,finance - retail-62
513688,911570,finance - retail-63
513688,26995,finance - retail-64
513688,858148,finance - retail-65
513688,25248,finance - retail-66
513688,708990,finance - retail-67
513688,665251,finance - retail-68
513688,82483,finance - retail-69
513688,987482,finance - retail-70
513688,126848,finance - retail-71
513688,734575,finance - retail-72
513688,680145,finance - retail-73
513688,720498,finance - retail-74
513688,882570,finance - retail-75
513688,814066,finance - retail-76
513688,474510,finance - retail-77
513688,115429,finance - retail-78
513688,825493,finance - retail-79
513688,599061,finance - retail-80
513688,440097,finance - retail-81
513688,154010,finance - retail-82
513688,103674,finance - retail-83
513688,560368,finance - retail-84
513688,703618,finance - retail-85
513688,619581,finance - retail-86
513688,599029,finance - retail-87
513688,459218,finance - retail-88
513688,28522,finance - retail-89
513688,439955,finance - retail-90
513688,690101,finance - retail-91
513688,76454,finance - retail-92
513688,551101,finance - retail-93
513688,384809,finance - retail-94
513688,229141,finance - retail-95
513688,172179,finance - retail-96
513688,877675,finance - retail-97
513688,298325,finance - retail-98
513688,989789,finance - retail-99
513688,350550,finance - retail-100
513688,982219,finance - retail-101
513688,448846,finance - retail-102
513688,474783,finance - retail-103
513688,180920,finance - retail-104
513688,262221,finance - retail-105
513688,683525,finance - retail-106
513688,242399,finance - retail-107
513688,546618,finance - retail-108
513688,701752,finance - retail-109
513688,197873,finance - retail-110
513688,958108,finance - retail-111
513688,106130,finance - retail-112
513688,659203,finance - retail-113
513688,439274,finance - retail-114
513688,274891,finance - retail-115
513688,968061,finance - retail-116
513688,955135,finance - retail-117
513688,957933,finance - retail-118
513688,331669,finance - retail-119
513688,949998,finance - retail-120
513688,495525,finance - retail-121
513688,868946,finance - retail-122
513688,205233,finance - retail-123
513688,990289,finance - retail-124
513688,499502,finance - retail-125
513688,484358,finance - retail-126
513688,896812,finance - retail-127
513688,464199,finance - retail-128
513688,795025,finance - retail-129
513688,261723,finance - retail-130
513688,82134,finance - retail-131
513688,403924,finance - retail-132
513688,385574,finance - retail-133
513688,208737,finance - retail-134
513688,432107,finance - retail-135
513688,774964,finance - retail-136
513688,261690,finance - retail-137
513688,134418,finance - retail-138
513688,502612,finance - retail-139
513688,446544,finance - retail-140
513688,225636,finance - retail-141
513688,815502,finance - retail-142
513688,844340,finance - retail-143
513688,269593,finance - retail-144
513688,893951,finance - retail-145
513688,687068,finance - retail-146
513688,274203,finance - retail-147
513688,177787,finance - retail-148
513688,32998,finance - retail-149
513688,890795,finance - retail-150
513688,977248,finance - retail-151
513688,180731,finance - retail-152
513688,945827,finance - retail-153
513688,545955,finance - retail-154
513688,623685,finance - retail-155
513688,26435,finance - retail-156
513688,152814,finance - retail-157
513688,909850,finance - retail-158
513688,896132,finance - retail-159
513688,107096,finance - retail-160
